title;duration
IAE Business School, Universidad Austral;5 years
Melbourne Business School;5 years
Faculty of Business and Economics, Monash University;5 years
QUT Business School, QUT - Queensland University of Technology;5 years
Business School, The University of Western Australia;5 years
Australian School of Business, University of New South Wales;5 years
UQ Business School, University of Queensland;5 years
UniSA Business School, University of South Australia;3 years
University of Sydney Business School;3 years
WU Vienna University of Economics and Business, Wirtschaftsuniversität Wien;5 years
Faculty of Economics and Business, KU Leuven;3 years
Solvay Brussels School of Economics and Management, ULB - Université Libre de Bruxelles;3 years
Louvain School of Management, UCL - Université Catholique de Louvain;3 years
Vlerick Business School;5 years
Coppead Graduate School of Business, Federal University of Rio de Janeiro;3 years
EAESP - Escola de Administração de Empresas de São Paulo, FGV - Fundação Getulio Vargas;5 years
EBAPE - Escola Brasileira de Administração Pública e de Empresas, FGV - Fundação Getulio Vargas;3 years
Fundação Dom Cabral;3 years
HEC Montréal;5 years
Ivey Business School, Western University;5 years
Desautels Faculty of Management, McGill University;5 years
Queen's School of Business, Queen's University;5 years
York University, Schulich School of Business;5 years
Beedie School of Business, Simon Fraser University;5 years
Faculté des Sciences de l'Administration, Université Laval;5 years
Sauder School of Business, University of British Columbia;5 years
Telfer School of Management, University of Ottawa;3 years
Peter B. Gustavson School of Business, University of Victoria;5 years
Escuela de Administración, Pontificia Universidad Católica de Chile;3 years
Antai College of Economics & Management, Shanghai Jiao Tong University;5 years
CEIBS - China Europe International Business School;5 years
College of Business, City University of Hong Kong;5 years
School of Management, Fudan University;5 years
Guanghua School of Management, Peking University;5 years
School of Business, Hong Kong Baptist University;3 years
Lingnan;University College, Sun Yat-sen University;3 years
School of Business, Renmin University of China;5 years
School of Business Administration, Southwestern University of Finance and Economics;3 years
Sun Yat-sen Business School, Sun Yat-sen University;3 years
Faculty of Business, The Hong Kong Polytechnic University;3 years
Faculty of Business and Economics, The University of Hong Kong;5 years
School of Economics and Management, Tongji University;3 years
School of Economics and Management, Tsinghua University;3 years
Business School, University of International Business and Economics;3 years
School of Management, Xiamen University;3 years
School of Management, Zhejiang University;3 years
College of Commerce, National Chengchi University;3 years
School of Management, Universidad de los Andes;3 years
INCAE Business School;3 years
Department of Business Administration, Department of Business Communication, and Department of Economics & Business, Aarhus University, School of Business and Social Sciences;3 years
Copenhagen Business School;5 years
School of Business, The American University in Cairo;3 years
Aalto University School of Business, Aalto-yliopiston kauppakorkeakoulu;5 years
Hanken School of Economics;3 years
Audencia Nantes, Ecole de Management;3 years
EDHEC Business School;5 years
EMLYON Business School;5 years
ESC Rennes School of Business;3 years
ESCP Europe;5 years
ESSEC Business School;5 years
Grenoble Ecole de Management;5 years
HEC Paris;5 years
IAE Aix Graduate School of Management;3 years
ICN Business School;3 years
IESEG School of Management Lille-Paris;3 years
INSEAD France, Singapore and Abu Dhabi;5 years
KEDGE Business School;3 years
NEOMA Business School;3 years
SKEMA Business School;5 years
Toulouse Business School;5 years
Université Paris-Dauphine;3 years
EBS Business School, EBS Universität für Wirtschaft und Recht;3 years
Frankfurt School of Finance & Management;3 years
Faculty of Management, Economics & Social Sciences, University of Cologne;3 years
University of Mannheim Business School;5 years
WHU - Otto Beisheim School of Management;5 years
Indian Institute of Management Bangalore;IIMB;3 years
Indian Institute of Management, Ahmedabad;IIMA;3 years
Smurfit School of Business and Quinn School of Business, University College Dublin;5 years
Politecnico di Milano School of Management;3 years
SDA Bocconi School of Management;5 years
Keio Business School, Keio University;3 years
TopKOREA, REPUBLIC OF
KAIST College of Business;3 years
Korea University Business School;5 years
Yonsei University School of Business;3 years
EGADE Business School, Tecnológico de Monterrey;3 years
ITAM Business School, ITAM - Instituto Tecnológico Autónomo de México;3 years
Amsterdam Business School, Universiteit van Amsterdam;3 years
School of Business and Economics, Maastricht University;5 years
Nyenrode Business Universiteit;3 years
Rotterdam School of Management, Erasmus University;5 years
University of Groningen, Faculty of Economics and Business;3 years
Business School, The University of Auckland;5 years
Otago Business School, University of Otago;3 years
Victoria Business School, Victoria University of Wellington;3 years
Waikato Management School, The University of Waikato;5 years
BI Norwegian Business School;5 years
NHH Norwegian School of Economics;5 years
CENTRUM Católica Graduate Business School, Pontificia Universidad Católica del Perú;3 years
Kozminski University;5 years
Catolica Lisbon School of Business and Economics, Universidade Catolica Portuguesa;5 years
Nova School of Business and Economics;Nova SBE, Universidade Nova de Lisboa;5 years
Graduate School of Management, St. Petersburg University;3 years
Nanyang Business School, Nanyang Technological University;5 years
NUS Business School, National University of Singapore;5 years
Lee Kong Chian School of Business, Singapore Management University;5 years
Faculty of Economics, University of Ljubljana;3 years
Graduate School of Business, University of Cape Town;3 years
University of Stellenbosch Business School;5 years
EADA Business School Barcelona;3 years
ESADE Business School;5 years
IE Business School;5 years
IESE Business School, University of Navarra;5 years
LUSEM - Lund University School of Economics and Management;5 years
Stockholm School of Economics;5 years
School of Business, Economics and Law, University of Gothenburg;3 years
HEC Lausanne, Université de Lausanne;3 years
IMD;5 years
University of St. Gallen;5 years
Faculty of Economics, Business Administration and Information Technology, University of Zurich;3 years
Sasin Graduate Institute of Business Administration of Chulalongkorn University;3 years
Thammasat University, Thammasat Business School;3 years
School of Business, Koç University;5 years
Ashridge;5 years
Aston Business School, Aston University;5 years
Bradford University School of Management;3 years
Cass Business School, City University;5 years
Cranfield School of Management;5 years
Durham University Business School;3 years
Henley Business School, University of Reading;5 years
Imperial College Business School, Imperial College London;3 years
Lancaster University Management School;5 years
London Business School;5 years
Loughborough University School of Business and Economics;3 years
Manchester Business School;5 years
Newcastle University Business School;3 years
Saïd Business School, University of Oxford;5 years
The Open University Business School;3 years
School of Management, University of Bath;3 years
Birmingham Business School, University of Birmingham;3 years
Cambridge Judge Business School, University of Cambridge;5 years
University of Edinburgh Business School, University of Edinburgh;3 years
University of Exeter Business School;3 years
Leeds University Business School, University of Leeds;5 years
Nottingham University Business School, University of Nottingham;3 years
Management School, University of Sheffield;3 years
Strathclyde Business School, University of Strathclyde;5 years
Warwick Business School, University of Warwick;5 years
Babson College;5 years
Bentley University;5 years
Krannert School of Management, Purdue University;3 years
IESA - Instituto de Estudios Superiores de Administración;3 years